{
  "lang":"si",
  "name":"pipeline",
  "version":"0.0.0",
  "spacy_version":">=3.6.1,<3.7.0",
  "description":"",
  "author":"",
  "email":"",
  "url":"",
  "license":"",
  "spacy_git_version":"458bc5f45",
  "vectors":{
    "width":0,
    "vectors":0,
    "keys":0,
    "name":null,
    "mode":"default"
  },
  "labels":{
    "tok2vec":[

    ],
    "ner":[
      "DATE",
      "LOCATION",
      "ORGANIZATION",
      "PERSON",
      "TIME"
    ]
  },
  "pipeline":[
    "tok2vec",
    "ner"
  ],
  "components":[
    "tok2vec",
    "ner"
  ],
  "disabled":[

  ],
  "performance":{
    "ents_f":0.958699187,
    "ents_p":0.9546632124,
    "ents_r":0.9627694317,
    "ents_per_type":{
      "LOCATION":{
        "p":0.9344262295,
        "r":0.9884393064,
        "f":0.9606741573
      },
      "PERSON":{
        "p":0.9746376812,
        "r":0.9624329159,
        "f":0.9684968497
      },
      "DATE":{
        "p":0.9536679537,
        "r":0.96484375,
        "f":0.959223301
      },
      "ORGANIZATION":{
        "p":0.9662921348,
        "r":0.9005235602,
        "f":0.9322493225
      },
      "TIME":{
        "p":0.6666666667,
        "r":0.6666666667,
        "f":0.6666666667
      }
    },
    "tok2vec_loss":245.2003713661,
    "ner_loss":598.9775898695
  }
}